{
  "PATCH /contacts" : {
    "transaction" : "PATCH /contacts",
    "sampleCount" : 500,
    "errorCount" : 0,
    "errorPct" : 0.0,
    "meanResTime" : 313.60800000000006,
    "medianResTime" : 312.0,
    "minResTime" : 291.0,
    "maxResTime" : 370.0,
    "pct1ResTime" : 327.0,
    "pct2ResTime" : 336.95,
    "pct3ResTime" : 351.99,
    "throughput" : 6.5590114257979035,
    "receivedKBytesPerSec" : 6.804666900604741,
    "sentKBytesPerSec" : 3.1001577442247905
  },
  "Debug Sampler" : {
    "transaction" : "Debug Sampler",
    "sampleCount" : 500,
    "errorCount" : 0,
    "errorPct" : 0.0,
    "meanResTime" : 0.03799999999999998,
    "medianResTime" : 0.0,
    "minResTime" : 0.0,
    "maxResTime" : 1.0,
    "pct1ResTime" : 0.0,
    "pct2ResTime" : 0.0,
    "pct3ResTime" : 1.0,
    "throughput" : 6.587007785843203,
    "receivedKBytesPerSec" : 2.268400806249753,
    "sentKBytesPerSec" : 0.0
  },
  "PUT /contacts" : {
    "transaction" : "PUT /contacts",
    "sampleCount" : 500,
    "errorCount" : 0,
    "errorPct" : 0.0,
    "meanResTime" : 310.51599999999985,
    "medianResTime" : 308.0,
    "minResTime" : 290.0,
    "maxResTime" : 416.0,
    "pct1ResTime" : 323.90000000000003,
    "pct2ResTime" : 338.84999999999997,
    "pct3ResTime" : 368.98,
    "throughput" : 6.559269559741827,
    "receivedKBytesPerSec" : 6.804422259537178,
    "sentKBytesPerSec" : 4.9194521698063705
  },
  "GET /contacts" : {
    "transaction" : "GET /contacts",
    "sampleCount" : 500,
    "errorCount" : 0,
    "errorPct" : 0.0,
    "meanResTime" : 303.7520000000004,
    "medianResTime" : 301.0,
    "minResTime" : 281.0,
    "maxResTime" : 775.0,
    "pct1ResTime" : 314.0,
    "pct2ResTime" : 322.95,
    "pct3ResTime" : 367.0,
    "throughput" : 6.560560534292049,
    "receivedKBytesPerSec" : 6.793306670121896,
    "sentKBytesPerSec" : 2.44739660556598
  },
  "Total" : {
    "transaction" : "Total",
    "sampleCount" : 3000,
    "errorCount" : 0,
    "errorPct" : 0.0,
    "meanResTime" : 288.5483333333338,
    "medianResTime" : 303.0,
    "minResTime" : 0.0,
    "maxResTime" : 1998.0,
    "pct1ResTime" : 322.0,
    "pct2ResTime" : 343.0,
    "pct3ResTime" : 1430.949999999999,
    "throughput" : 37.017842600133264,
    "receivedKBytesPerSec" : 32.29556125219022,
    "sentKBytesPerSec" : 16.74960977024259
  },
  "DELETE /contacts" : {
    "transaction" : "DELETE /contacts",
    "sampleCount" : 500,
    "errorCount" : 0,
    "errorPct" : 0.0,
    "meanResTime" : 302.46399999999994,
    "medianResTime" : 300.0,
    "minResTime" : 281.0,
    "maxResTime" : 427.0,
    "pct1ResTime" : 313.0,
    "pct2ResTime" : 327.95,
    "pct3ResTime" : 350.99,
    "throughput" : 6.559958016268696,
    "receivedKBytesPerSec" : 4.8510889530307,
    "sentKBytesPerSec" : 2.9212313041196536
  },
  "POST /contacts" : {
    "transaction" : "POST /contacts",
    "sampleCount" : 500,
    "errorCount" : 0,
    "errorPct" : 0.0,
    "meanResTime" : 500.91200000000015,
    "medianResTime" : 306.0,
    "minResTime" : 287.0,
    "maxResTime" : 1998.0,
    "pct1ResTime" : 1133.0,
    "pct2ResTime" : 1458.6999999999998,
    "pct3ResTime" : 1714.99,
    "throughput" : 6.467886941336266,
    "receivedKBytesPerSec" : 6.729280528426362,
    "sentKBytesPerSec" : 4.358244130392601
  }
}