{
  "PATCH /contacts" : {
    "transaction" : "PATCH /contacts",
    "sampleCount" : 100,
    "errorCount" : 0,
    "errorPct" : 0.0,
    "meanResTime" : 311.63,
    "medianResTime" : 311.0,
    "minResTime" : 297.0,
    "maxResTime" : 343.0,
    "pct1ResTime" : 321.0,
    "pct2ResTime" : 322.95,
    "pct3ResTime" : 342.81999999999994,
    "throughput" : 3.3211557622052474,
    "receivedKBytesPerSec" : 3.445309905347061,
    "sentKBytesPerSec" : 1.5794949767519098
  },
  "Debug Sampler" : {
    "transaction" : "Debug Sampler",
    "sampleCount" : 100,
    "errorCount" : 0,
    "errorPct" : 0.0,
    "meanResTime" : 0.03,
    "medianResTime" : 0.0,
    "minResTime" : 0.0,
    "maxResTime" : 1.0,
    "pct1ResTime" : 0.0,
    "pct2ResTime" : 0.0,
    "pct3ResTime" : 1.0,
    "throughput" : 3.357732858773756,
    "receivedKBytesPerSec" : 1.1700584140588275,
    "sentKBytesPerSec" : 0.0
  },
  "PUT /contacts" : {
    "transaction" : "PUT /contacts",
    "sampleCount" : 100,
    "errorCount" : 0,
    "errorPct" : 0.0,
    "meanResTime" : 307.7799999999999,
    "medianResTime" : 306.0,
    "minResTime" : 292.0,
    "maxResTime" : 328.0,
    "pct1ResTime" : 318.9,
    "pct2ResTime" : 321.95,
    "pct3ResTime" : 327.96999999999997,
    "throughput" : 3.3232527998404837,
    "receivedKBytesPerSec" : 3.447485336147021,
    "sentKBytesPerSec" : 2.492439599880363
  },
  "GET /contacts" : {
    "transaction" : "GET /contacts",
    "sampleCount" : 100,
    "errorCount" : 0,
    "errorPct" : 0.0,
    "meanResTime" : 303.7699999999999,
    "medianResTime" : 303.0,
    "minResTime" : 285.0,
    "maxResTime" : 339.0,
    "pct1ResTime" : 316.0,
    "pct2ResTime" : 318.9,
    "pct3ResTime" : 338.8499999999999,
    "throughput" : 3.3225902913911685,
    "receivedKBytesPerSec" : 3.43680433265774,
    "sentKBytesPerSec" : 1.2394819251088147
  },
  "Total" : {
    "transaction" : "Total",
    "sampleCount" : 600,
    "errorCount" : 0,
    "errorPct" : 0.0,
    "meanResTime" : 421.9933333333333,
    "medianResTime" : 306.0,
    "minResTime" : 0.0,
    "maxResTime" : 1963.0,
    "pct1ResTime" : 1126.0,
    "pct2ResTime" : 1444.8999999999999,
    "pct3ResTime" : 1706.99,
    "throughput" : 17.209729233593393,
    "receivedKBytesPerSec" : 15.018709978416133,
    "sentKBytesPerSec" : 7.792556433570446
  },
  "DELETE /contacts" : {
    "transaction" : "DELETE /contacts",
    "sampleCount" : 100,
    "errorCount" : 0,
    "errorPct" : 0.0,
    "meanResTime" : 301.2300000000001,
    "medianResTime" : 301.5,
    "minResTime" : 286.0,
    "maxResTime" : 315.0,
    "pct1ResTime" : 311.9,
    "pct2ResTime" : 313.0,
    "pct3ResTime" : 315.0,
    "throughput" : 3.3218176986446983,
    "receivedKBytesPerSec" : 2.456587994950837,
    "sentKBytesPerSec" : 1.4792469439277174
  },
  "POST /contacts" : {
    "transaction" : "POST /contacts",
    "sampleCount" : 100,
    "errorCount" : 0,
    "errorPct" : 0.0,
    "meanResTime" : 1307.5199999999995,
    "medianResTime" : 1137.0,
    "minResTime" : 1085.0,
    "maxResTime" : 1963.0,
    "pct1ResTime" : 1698.9,
    "pct2ResTime" : 1721.2499999999998,
    "pct3ResTime" : 1960.949999999999,
    "throughput" : 3.21316110789795,
    "receivedKBytesPerSec" : 3.3384241854636594,
    "sentKBytesPerSec" : 2.161980472013367
  }
}