{
  "PATCH /contacts" : {
    "transaction" : "PATCH /contacts",
    "sampleCount" : 200,
    "errorCount" : 0,
    "errorPct" : 0.0,
    "meanResTime" : 312.34000000000003,
    "medianResTime" : 312.0,
    "minResTime" : 297.0,
    "maxResTime" : 361.0,
    "pct1ResTime" : 322.8,
    "pct2ResTime" : 326.0,
    "pct3ResTime" : 329.0,
    "throughput" : 3.317299718029524,
    "receivedKBytesPerSec" : 3.4423463675568087,
    "sentKBytesPerSec" : 1.5776610963675568
  },
  "Debug Sampler" : {
    "transaction" : "Debug Sampler",
    "sampleCount" : 200,
    "errorCount" : 0,
    "errorPct" : 0.0,
    "meanResTime" : 0.024999999999999998,
    "medianResTime" : 0.0,
    "minResTime" : 0.0,
    "maxResTime" : 1.0,
    "pct1ResTime" : 0.0,
    "pct2ResTime" : 0.0,
    "pct3ResTime" : 1.0,
    "throughput" : 3.33438922325403,
    "receivedKBytesPerSec" : 1.1633729587285973,
    "sentKBytesPerSec" : 0.0
  },
  "PUT /contacts" : {
    "transaction" : "PUT /contacts",
    "sampleCount" : 200,
    "errorCount" : 0,
    "errorPct" : 0.0,
    "meanResTime" : 307.70000000000005,
    "medianResTime" : 307.5,
    "minResTime" : 291.0,
    "maxResTime" : 331.0,
    "pct1ResTime" : 319.9,
    "pct2ResTime" : 322.0,
    "pct3ResTime" : 327.99,
    "throughput" : 3.3172446965550417,
    "receivedKBytesPerSec" : 3.441706162611335,
    "sentKBytesPerSec" : 2.4879335224162813
  },
  "GET /contacts" : {
    "transaction" : "GET /contacts",
    "sampleCount" : 200,
    "errorCount" : 0,
    "errorPct" : 0.0,
    "meanResTime" : 303.7550000000001,
    "medianResTime" : 303.0,
    "minResTime" : 285.0,
    "maxResTime" : 335.0,
    "pct1ResTime" : 315.0,
    "pct2ResTime" : 318.0,
    "pct3ResTime" : 331.98,
    "throughput" : 3.316804590457553,
    "receivedKBytesPerSec" : 3.4320505937080217,
    "sentKBytesPerSec" : 1.237323587455845
  },
  "Total" : {
    "transaction" : "Total",
    "sampleCount" : 1200,
    "errorCount" : 0,
    "errorPct" : 0.0,
    "meanResTime" : 421.30749999999966,
    "medianResTime" : 306.0,
    "minResTime" : 0.0,
    "maxResTime" : 1755.0,
    "pct1ResTime" : 1126.0,
    "pct2ResTime" : 1450.0,
    "pct3ResTime" : 1719.98,
    "throughput" : 18.490554408456347,
    "receivedKBytesPerSec" : 16.142864933241395,
    "sentKBytesPerSec" : 8.372513405651947
  },
  "DELETE /contacts" : {
    "transaction" : "DELETE /contacts",
    "sampleCount" : 200,
    "errorCount" : 0,
    "errorPct" : 0.0,
    "meanResTime" : 301.2500000000001,
    "medianResTime" : 301.0,
    "minResTime" : 288.0,
    "maxResTime" : 341.0,
    "pct1ResTime" : 312.0,
    "pct2ResTime" : 316.95,
    "pct3ResTime" : 335.98,
    "throughput" : 3.3176849194631988,
    "receivedKBytesPerSec" : 2.4542444594661843,
    "sentKBytesPerSec" : 1.4774065656984556
  },
  "POST /contacts" : {
    "transaction" : "POST /contacts",
    "sampleCount" : 200,
    "errorCount" : 0,
    "errorPct" : 0.0,
    "meanResTime" : 1302.775,
    "medianResTime" : 1136.0,
    "minResTime" : 1075.0,
    "maxResTime" : 1755.0,
    "pct1ResTime" : 1712.8,
    "pct2ResTime" : 1724.9,
    "pct3ResTime" : 1749.98,
    "throughput" : 3.2705389848246993,
    "receivedKBytesPerSec" : 3.4000191122121923,
    "sentKBytesPerSec" : 2.2005872661564627
  }
}