{
  "PATCH /contacts" : {
    "transaction" : "PATCH /contacts",
    "sampleCount" : 500,
    "errorCount" : 0,
    "errorPct" : 0.0,
    "meanResTime" : 448.88999999999976,
    "medianResTime" : 320.0,
    "minResTime" : 293.0,
    "maxResTime" : 968.0,
    "pct1ResTime" : 698.0,
    "pct2ResTime" : 709.0,
    "pct3ResTime" : 726.99,
    "throughput" : 7.232331414354732,
    "receivedKBytesPerSec" : 7.507951044348657,
    "sentKBytesPerSec" : 3.4184066450661037
  },
  "Debug Sampler" : {
    "transaction" : "Debug Sampler",
    "sampleCount" : 500,
    "errorCount" : 0,
    "errorPct" : 0.0,
    "meanResTime" : 0.026000000000000013,
    "medianResTime" : 0.0,
    "minResTime" : 0.0,
    "maxResTime" : 1.0,
    "pct1ResTime" : 0.0,
    "pct2ResTime" : 0.0,
    "pct3ResTime" : 1.0,
    "throughput" : 7.258474268708718,
    "receivedKBytesPerSec" : 2.4996370762865645,
    "sentKBytesPerSec" : 0.0
  },
  "PUT /contacts" : {
    "transaction" : "PUT /contacts",
    "sampleCount" : 500,
    "errorCount" : 0,
    "errorPct" : 0.0,
    "meanResTime" : 347.8939999999999,
    "medianResTime" : 310.0,
    "minResTime" : 287.0,
    "maxResTime" : 967.0,
    "pct1ResTime" : 341.0,
    "pct2ResTime" : 626.8499999999999,
    "pct3ResTime" : 917.9300000000001,
    "throughput" : 7.232122193936589,
    "receivedKBytesPerSec" : 7.50716884112474,
    "sentKBytesPerSec" : 5.4240916454524415
  },
  "GET /contacts" : {
    "transaction" : "GET /contacts",
    "sampleCount" : 500,
    "errorCount" : 0,
    "errorPct" : 0.0,
    "meanResTime" : 376.366,
    "medianResTime" : 310.0,
    "minResTime" : 284.0,
    "maxResTime" : 893.0,
    "pct1ResTime" : 515.0,
    "pct2ResTime" : 522.0,
    "pct3ResTime" : 542.0,
    "throughput" : 7.226895614719741,
    "receivedKBytesPerSec" : 7.489265801607261,
    "sentKBytesPerSec" : 2.6959708250224033
  },
  "Total" : {
    "transaction" : "Total",
    "sampleCount" : 3000,
    "errorCount" : 0,
    "errorPct" : 0.0,
    "meanResTime" : 338.8693333333341,
    "medianResTime" : 307.0,
    "minResTime" : 0.0,
    "maxResTime" : 1967.0,
    "pct1ResTime" : 677.9000000000001,
    "pct2ResTime" : 697.0,
    "pct3ResTime" : 1132.9799999999996,
    "throughput" : 40.53396746473545,
    "receivedKBytesPerSec" : 35.387789733421606,
    "sentKBytesPerSec" : 18.340564705723395
  },
  "DELETE /contacts" : {
    "transaction" : "DELETE /contacts",
    "sampleCount" : 500,
    "errorCount" : 0,
    "errorPct" : 0.0,
    "meanResTime" : 338.5520000000001,
    "medianResTime" : 305.0,
    "minResTime" : 284.0,
    "maxResTime" : 965.0,
    "pct1ResTime" : 386.0,
    "pct2ResTime" : 680.8499999999999,
    "pct3ResTime" : 954.4500000000023,
    "throughput" : 7.232854518364217,
    "receivedKBytesPerSec" : 5.354233570570961,
    "sentKBytesPerSec" : 3.2208805277090655
  },
  "POST /contacts" : {
    "transaction" : "POST /contacts",
    "sampleCount" : 500,
    "errorCount" : 0,
    "errorPct" : 0.0,
    "meanResTime" : 521.4880000000004,
    "medianResTime" : 314.0,
    "minResTime" : 287.0,
    "maxResTime" : 1967.0,
    "pct1ResTime" : 1065.1000000000038,
    "pct2ResTime" : 1144.8,
    "pct3ResTime" : 1708.98,
    "throughput" : 7.116222139990321,
    "receivedKBytesPerSec" : 7.409099157439298,
    "sentKBytesPerSec" : 4.7951106216731665
  }
}